# ENA mirror of SRA BioProject PRJNA1131785 (npj Biofilms Microbiomes 2025, s41522-025-00851-2).
# 2bRAD-M / WMS / next-gen-16S / PacBio for MSA-1002 mock (+90/99% human) and HoC saliva/oral-cancer/ECC.
# Download via fastq_ftp (ENA, reachable when NCBI/SRA blocked). Total ~1.78 TB; grab subsets.
run_accession	sample_accession	library_strategy	library_source	instrument_platform	scientific_name	sample_title	read_count	fastq_bytes	fastq_ftp
SRR29712922	SAMN42321966	OTHER	METAGENOMIC	ILLUMINA	human saliva metagenome	Metagenome or environmental sample from human saliva metagenome	26647671	581138757	ftp.sra.ebi.ac.uk/vol1/fastq/SRR297/022/SRR29712922/SRR29712922.fastq.gz
SRR29712924	SAMN42321964	OTHER	METAGENOMIC	ILLUMINA	human saliva metagenome	Metagenome or environmental sample from human saliva metagenome	21964010	460182951	ftp.sra.ebi.ac.uk/vol1/fastq/SRR297/024/SRR29712924/SRR29712924.fastq.gz
SRR29712925	SAMN42321963	OTHER	METAGENOMIC	ILLUMINA	human saliva metagenome	Metagenome or environmental sample from human saliva metagenome	9899158	202914222	ftp.sra.ebi.ac.uk/vol1/fastq/SRR297/025/SRR29712925/SRR29712925.fastq.gz
SRR29712927	SAMN42321989	OTHER	METAGENOMIC	ILLUMINA	human saliva metagenome	Metagenome or environmental sample from human saliva metagenome	9760642	205464970	ftp.sra.ebi.ac.uk/vol1/fastq/SRR297/027/SRR29712927/SRR29712927.fastq.gz
SRR29712928	SAMN42321962	OTHER	METAGENOMIC	ILLUMINA	human saliva metagenome	Metagenome or environmental sample from human saliva metagenome	24515649	498138780	ftp.sra.ebi.ac.uk/vol1/fastq/SRR297/028/SRR29712928/SRR29712928.fastq.gz
SRR29712936	SAMN42321981	OTHER	METAGENOMIC	ILLUMINA	human saliva metagenome	Metagenome or environmental sample from human saliva metagenome	9710938	212373237	ftp.sra.ebi.ac.uk/vol1/fastq/SRR297/036/SRR29712936/SRR29712936.fastq.gz
SRR29712938	SAMN42321979	OTHER	METAGENOMIC	ILLUMINA	human saliva metagenome	Metagenome or environmental sample from human saliva metagenome	8769229	181348865	ftp.sra.ebi.ac.uk/vol1/fastq/SRR297/038/SRR29712938/SRR29712938.fastq.gz
SRR29712940	SAMN42321978	OTHER	METAGENOMIC	ILLUMINA	human saliva metagenome	Metagenome or environmental sample from human saliva metagenome	37099390	754606972	ftp.sra.ebi.ac.uk/vol1/fastq/SRR297/040/SRR29712940/SRR29712940.fastq.gz
SRR29712944	SAMN42321974	OTHER	METAGENOMIC	ILLUMINA	human saliva metagenome	Metagenome or environmental sample from human saliva metagenome	23310021	500305697	ftp.sra.ebi.ac.uk/vol1/fastq/SRR297/044/SRR29712944/SRR29712944.fastq.gz
SRR29712945	SAMN42321973	OTHER	METAGENOMIC	ILLUMINA	human saliva metagenome	Metagenome or environmental sample from human saliva metagenome	6649598	139932793	ftp.sra.ebi.ac.uk/vol1/fastq/SRR297/045/SRR29712945/SRR29712945.fastq.gz
SRR29712947	SAMN42321971	OTHER	METAGENOMIC	ILLUMINA	human saliva metagenome	Metagenome or environmental sample from human saliva metagenome	7014621	142544780	ftp.sra.ebi.ac.uk/vol1/fastq/SRR297/047/SRR29712947/SRR29712947.fastq.gz
SRR29712948	SAMN42321970	OTHER	METAGENOMIC	ILLUMINA	human saliva metagenome	Metagenome or environmental sample from human saliva metagenome	39111557	800062776	ftp.sra.ebi.ac.uk/vol1/fastq/SRR297/048/SRR29712948/SRR29712948.fastq.gz
SRR29712950	SAMN42321960	OTHER	METAGENOMIC	ILLUMINA	human saliva metagenome	Metagenome or environmental sample from human saliva metagenome	8780995	182911383	ftp.sra.ebi.ac.uk/vol1/fastq/SRR297/050/SRR29712950/SRR29712950.fastq.gz
SRR29712951	SAMN42321959	OTHER	METAGENOMIC	ILLUMINA	human saliva metagenome	Metagenome or environmental sample from human saliva metagenome	30737863	653647754	ftp.sra.ebi.ac.uk/vol1/fastq/SRR297/051/SRR29712951/SRR29712951.fastq.gz
SRR29721749	SAMN42334584	RNA-Seq	METAGENOMIC	PACBIO_SMRT	human saliva metagenome	Metagenome or environmental sample from human saliva metagenome	7460	4122941	ftp.sra.ebi.ac.uk/vol1/fastq/SRR297/049/SRR29721749/SRR29721749_subreads.fastq.gz
SRR29721752	SAMN42334587	RNA-Seq	METAGENOMIC	PACBIO_SMRT	human saliva metagenome	Metagenome or environmental sample from human saliva metagenome	7507	4568735	ftp.sra.ebi.ac.uk/vol1/fastq/SRR297/052/SRR29721752/SRR29721752_subreads.fastq.gz
SRR29721757	SAMN42334558	RNA-Seq	METAGENOMIC	PACBIO_SMRT	human saliva metagenome	Metagenome or environmental sample from human saliva metagenome	5030	2738268	ftp.sra.ebi.ac.uk/vol1/fastq/SRR297/057/SRR29721757/SRR29721757_subreads.fastq.gz
SRR29721762	SAMN42334562	RNA-Seq	METAGENOMIC	PACBIO_SMRT	human saliva metagenome	Metagenome or environmental sample from human saliva metagenome	7450	4165667	ftp.sra.ebi.ac.uk/vol1/fastq/SRR297/062/SRR29721762/SRR29721762_subreads.fastq.gz
SRR29721771	SAMN42334571	RNA-Seq	METAGENOMIC	PACBIO_SMRT	human saliva metagenome	Metagenome or environmental sample from human saliva metagenome	7463	4549396	ftp.sra.ebi.ac.uk/vol1/fastq/SRR297/071/SRR29721771/SRR29721771_subreads.fastq.gz
SRR29721772	SAMN42334589	RNA-Seq	METAGENOMIC	PACBIO_SMRT	human saliva metagenome	Metagenome or environmental sample from human saliva metagenome	7466	4292712	ftp.sra.ebi.ac.uk/vol1/fastq/SRR297/072/SRR29721772/SRR29721772_subreads.fastq.gz
SRR29721773	SAMN42334572	RNA-Seq	METAGENOMIC	PACBIO_SMRT	human saliva metagenome	Metagenome or environmental sample from human saliva metagenome	7506	4570199	ftp.sra.ebi.ac.uk/vol1/fastq/SRR297/073/SRR29721773/SRR29721773_subreads.fastq.gz
SRR29721775	SAMN42334574	RNA-Seq	METAGENOMIC	PACBIO_SMRT	human saliva metagenome	Metagenome or environmental sample from human saliva metagenome	7486	4604173	ftp.sra.ebi.ac.uk/vol1/fastq/SRR297/075/SRR29721775/SRR29721775_subreads.fastq.gz
SRR29721778	SAMN42334577	RNA-Seq	METAGENOMIC	PACBIO_SMRT	human saliva metagenome	Metagenome or environmental sample from human saliva metagenome	7139	4386344	ftp.sra.ebi.ac.uk/vol1/fastq/SRR297/078/SRR29721778/SRR29721778_subreads.fastq.gz
SRR29721780	SAMN42334579	RNA-Seq	METAGENOMIC	PACBIO_SMRT	human saliva metagenome	Metagenome or environmental sample from human saliva metagenome	6322	3437197	ftp.sra.ebi.ac.uk/vol1/fastq/SRR297/080/SRR29721780/SRR29721780_subreads.fastq.gz
SRR29721868	SAMN42334582	RNA-Seq	METAGENOMIC	ILLUMINA	human saliva metagenome	Metagenome or environmental sample from human saliva metagenome	41247	4791975;4135179	ftp.sra.ebi.ac.uk/vol1/fastq/SRR297/068/SRR29721868/SRR29721868_1.fastq.gz;ftp.sra.ebi.ac.uk/vol1/fastq/SRR297/068/SRR29721868/SRR29721868_2.fastq.gz
SRR29721871	SAMN42334585	RNA-Seq	METAGENOMIC	ILLUMINA	human saliva metagenome	Metagenome or environmental sample from human saliva metagenome	84238	9928081;8537393	ftp.sra.ebi.ac.uk/vol1/fastq/SRR297/071/SRR29721871/SRR29721871_1.fastq.gz;ftp.sra.ebi.ac.uk/vol1/fastq/SRR297/071/SRR29721871/SRR29721871_2.fastq.gz
SRR29721873	SAMN42334587	RNA-Seq	METAGENOMIC	ILLUMINA	human saliva metagenome	Metagenome or environmental sample from human saliva metagenome	87619	10501975;9051146	ftp.sra.ebi.ac.uk/vol1/fastq/SRR297/073/SRR29721873/SRR29721873_1.fastq.gz;ftp.sra.ebi.ac.uk/vol1/fastq/SRR297/073/SRR29721873/SRR29721873_2.fastq.gz
SRR29721874	SAMN42334554	RNA-Seq	METAGENOMIC	ILLUMINA	human saliva metagenome	Metagenome or environmental sample from human saliva metagenome	59294	7339982;6511986	ftp.sra.ebi.ac.uk/vol1/fastq/SRR297/074/SRR29721874/SRR29721874_1.fastq.gz;ftp.sra.ebi.ac.uk/vol1/fastq/SRR297/074/SRR29721874/SRR29721874_2.fastq.gz
SRR29721875	SAMN42334555	RNA-Seq	METAGENOMIC	ILLUMINA	human saliva metagenome	Metagenome or environmental sample from human saliva metagenome	71538	8943963;7817959	ftp.sra.ebi.ac.uk/vol1/fastq/SRR297/075/SRR29721875/SRR29721875_1.fastq.gz;ftp.sra.ebi.ac.uk/vol1/fastq/SRR297/075/SRR29721875/SRR29721875_2.fastq.gz
SRR29721876	SAMN42334556	RNA-Seq	METAGENOMIC	ILLUMINA	human saliva metagenome	Metagenome or environmental sample from human saliva metagenome	57862	7011725;6322896	ftp.sra.ebi.ac.uk/vol1/fastq/SRR297/076/SRR29721876/SRR29721876_1.fastq.gz;ftp.sra.ebi.ac.uk/vol1/fastq/SRR297/076/SRR29721876/SRR29721876_2.fastq.gz
SRR29721882	SAMN42334588	RNA-Seq	METAGENOMIC	ILLUMINA	human saliva metagenome	Metagenome or environmental sample from human saliva metagenome	45785	5333609;4954120	ftp.sra.ebi.ac.uk/vol1/fastq/SRR297/082/SRR29721882/SRR29721882_1.fastq.gz;ftp.sra.ebi.ac.uk/vol1/fastq/SRR297/082/SRR29721882/SRR29721882_2.fastq.gz
SRR29721885	SAMN42334564	RNA-Seq	METAGENOMIC	ILLUMINA	human saliva metagenome	Metagenome or environmental sample from human saliva metagenome	29511	3455424;3131824	ftp.sra.ebi.ac.uk/vol1/fastq/SRR297/085/SRR29721885/SRR29721885_1.fastq.gz;ftp.sra.ebi.ac.uk/vol1/fastq/SRR297/085/SRR29721885/SRR29721885_2.fastq.gz
SRR29721894	SAMN42334572	RNA-Seq	METAGENOMIC	ILLUMINA	human saliva metagenome	Metagenome or environmental sample from human saliva metagenome	74708	9735481;8202723	ftp.sra.ebi.ac.uk/vol1/fastq/SRR297/094/SRR29721894/SRR29721894_1.fastq.gz;ftp.sra.ebi.ac.uk/vol1/fastq/SRR297/094/SRR29721894/SRR29721894_2.fastq.gz
SRR29721895	SAMN42334573	RNA-Seq	METAGENOMIC	ILLUMINA	human saliva metagenome	Metagenome or environmental sample from human saliva metagenome	46084	5894567;5016880	ftp.sra.ebi.ac.uk/vol1/fastq/SRR297/095/SRR29721895/SRR29721895_1.fastq.gz;ftp.sra.ebi.ac.uk/vol1/fastq/SRR297/095/SRR29721895/SRR29721895_2.fastq.gz
SRR29721896	SAMN42334574	RNA-Seq	METAGENOMIC	ILLUMINA	human saliva metagenome	Metagenome or environmental sample from human saliva metagenome	75878	9782950;8139003	ftp.sra.ebi.ac.uk/vol1/fastq/SRR297/096/SRR29721896/SRR29721896_1.fastq.gz;ftp.sra.ebi.ac.uk/vol1/fastq/SRR297/096/SRR29721896/SRR29721896_2.fastq.gz
SRR29721897	SAMN42334575	RNA-Seq	METAGENOMIC	ILLUMINA	human saliva metagenome	Metagenome or environmental sample from human saliva metagenome	58584	7431892;6305158	ftp.sra.ebi.ac.uk/vol1/fastq/SRR297/097/SRR29721897/SRR29721897_1.fastq.gz;ftp.sra.ebi.ac.uk/vol1/fastq/SRR297/097/SRR29721897/SRR29721897_2.fastq.gz
SRR29721900	SAMN42334578	RNA-Seq	METAGENOMIC	ILLUMINA	human saliva metagenome	Metagenome or environmental sample from human saliva metagenome	55358	6885830;6008431	ftp.sra.ebi.ac.uk/vol1/fastq/SRR297/000/SRR29721900/SRR29721900_1.fastq.gz;ftp.sra.ebi.ac.uk/vol1/fastq/SRR297/000/SRR29721900/SRR29721900_2.fastq.gz
SRR29721901	SAMN42334579	RNA-Seq	METAGENOMIC	ILLUMINA	human saliva metagenome	Metagenome or environmental sample from human saliva metagenome	32777	3779793;3375357	ftp.sra.ebi.ac.uk/vol1/fastq/SRR297/001/SRR29721901/SRR29721901_1.fastq.gz;ftp.sra.ebi.ac.uk/vol1/fastq/SRR297/001/SRR29721901/SRR29721901_2.fastq.gz
SRR29721902	SAMN42334580	RNA-Seq	METAGENOMIC	ILLUMINA	human saliva metagenome	Metagenome or environmental sample from human saliva metagenome	34890	4065613;3590360	ftp.sra.ebi.ac.uk/vol1/fastq/SRR297/002/SRR29721902/SRR29721902_1.fastq.gz;ftp.sra.ebi.ac.uk/vol1/fastq/SRR297/002/SRR29721902/SRR29721902_2.fastq.gz
SRR29721904	SAMN42334590	RNA-Seq	METAGENOMIC	ILLUMINA	human saliva metagenome	Metagenome or environmental sample from human saliva metagenome	35729	4129553;3594813	ftp.sra.ebi.ac.uk/vol1/fastq/SRR297/004/SRR29721904/SRR29721904_1.fastq.gz;ftp.sra.ebi.ac.uk/vol1/fastq/SRR297/004/SRR29721904/SRR29721904_2.fastq.gz
SRR29721905	SAMN42334591	RNA-Seq	METAGENOMIC	ILLUMINA	human saliva metagenome	Metagenome or environmental sample from human saliva metagenome	43753	4947041;4421968	ftp.sra.ebi.ac.uk/vol1/fastq/SRR297/005/SRR29721905/SRR29721905_1.fastq.gz;ftp.sra.ebi.ac.uk/vol1/fastq/SRR297/005/SRR29721905/SRR29721905_2.fastq.gz
SRR29726985	SAMN42321962	WGS	METAGENOMIC	DNBSEQ	human saliva metagenome	Metagenome or environmental sample from human saliva metagenome	237657603	25712717260;25618119969	ftp.sra.ebi.ac.uk/vol1/fastq/SRR297/085/SRR29726985/SRR29726985_1.fastq.gz;ftp.sra.ebi.ac.uk/vol1/fastq/SRR297/085/SRR29726985/SRR29726985_2.fastq.gz
SRR29726986	SAMN42321988	WGS	METAGENOMIC	DNBSEQ	human saliva metagenome	Metagenome or environmental sample from human saliva metagenome	239541083	26450232891;25946580516	ftp.sra.ebi.ac.uk/vol1/fastq/SRR297/086/SRR29726986/SRR29726986_1.fastq.gz;ftp.sra.ebi.ac.uk/vol1/fastq/SRR297/086/SRR29726986/SRR29726986_2.fastq.gz
SRR29726988	SAMN42321986	WGS	METAGENOMIC	DNBSEQ	human saliva metagenome	Metagenome or environmental sample from human saliva metagenome	166020016	19938438673;17666029353	ftp.sra.ebi.ac.uk/vol1/fastq/SRR297/088/SRR29726988/SRR29726988_1.fastq.gz;ftp.sra.ebi.ac.uk/vol1/fastq/SRR297/088/SRR29726988/SRR29726988_2.fastq.gz
SRR29726989	SAMN42321985	WGS	METAGENOMIC	DNBSEQ	human saliva metagenome	Metagenome or environmental sample from human saliva metagenome	212695764	23810022580;21932449818	ftp.sra.ebi.ac.uk/vol1/fastq/SRR297/089/SRR29726989/SRR29726989_1.fastq.gz;ftp.sra.ebi.ac.uk/vol1/fastq/SRR297/089/SRR29726989/SRR29726989_2.fastq.gz
SRR29726992	SAMN42321982	WGS	METAGENOMIC	DNBSEQ	human saliva metagenome	Metagenome or environmental sample from human saliva metagenome	222988906	23931347538;23833303363	ftp.sra.ebi.ac.uk/vol1/fastq/SRR297/092/SRR29726992/SRR29726992_1.fastq.gz;ftp.sra.ebi.ac.uk/vol1/fastq/SRR297/092/SRR29726992/SRR29726992_2.fastq.gz
SRR29726996	SAMN42321961	WGS	METAGENOMIC	DNBSEQ	human saliva metagenome	Metagenome or environmental sample from human saliva metagenome	203705448	24123502484;21212929570	ftp.sra.ebi.ac.uk/vol1/fastq/SRR297/096/SRR29726996/SRR29726996_1.fastq.gz;ftp.sra.ebi.ac.uk/vol1/fastq/SRR297/096/SRR29726996/SRR29726996_2.fastq.gz
SRR29726999	SAMN42321976	WGS	METAGENOMIC	DNBSEQ	human saliva metagenome	Metagenome or environmental sample from human saliva metagenome	180051025	18863679095;18849978010	ftp.sra.ebi.ac.uk/vol1/fastq/SRR297/099/SRR29726999/SRR29726999_1.fastq.gz;ftp.sra.ebi.ac.uk/vol1/fastq/SRR297/099/SRR29726999/SRR29726999_2.fastq.gz
SRR29736158	SAMN42336152	RNA-Seq	METAGENOMIC	ILLUMINA	synthetic metagenome	Metagenome or environmental sample from synthetic metagenome	294102	9180039;9585177	ftp.sra.ebi.ac.uk/vol1/fastq/SRR297/058/SRR29736158/SRR29736158_1.fastq.gz;ftp.sra.ebi.ac.uk/vol1/fastq/SRR297/058/SRR29736158/SRR29736158_2.fastq.gz
SRR29752034	SAMN42321964	RNA-Seq	METAGENOMIC	ILLUMINA	human saliva metagenome	Metagenome or environmental sample from human saliva metagenome	49839	4616125	ftp.sra.ebi.ac.uk/vol1/fastq/SRR297/034/SRR29752034/SRR29752034.fastq.gz
SRR29752036	SAMN42321990	RNA-Seq	METAGENOMIC	ILLUMINA	human saliva metagenome	Metagenome or environmental sample from human saliva metagenome	44118	4042012	ftp.sra.ebi.ac.uk/vol1/fastq/SRR297/036/SRR29752036/SRR29752036.fastq.gz
SRR29752037	SAMN42321989	RNA-Seq	METAGENOMIC	ILLUMINA	human saliva metagenome	Metagenome or environmental sample from human saliva metagenome	73504	7148567	ftp.sra.ebi.ac.uk/vol1/fastq/SRR297/037/SRR29752037/SRR29752037.fastq.gz
SRR29752038	SAMN42321962	RNA-Seq	METAGENOMIC	ILLUMINA	human saliva metagenome	Metagenome or environmental sample from human saliva metagenome	69176	7257496	ftp.sra.ebi.ac.uk/vol1/fastq/SRR297/038/SRR29752038/SRR29752038.fastq.gz
SRR29752039	SAMN42321988	RNA-Seq	METAGENOMIC	ILLUMINA	human saliva metagenome	Metagenome or environmental sample from human saliva metagenome	46320	4756419	ftp.sra.ebi.ac.uk/vol1/fastq/SRR297/039/SRR29752039/SRR29752039.fastq.gz
SRR29752044	SAMN42321983	RNA-Seq	METAGENOMIC	ILLUMINA	human saliva metagenome	Metagenome or environmental sample from human saliva metagenome	47134	4484972	ftp.sra.ebi.ac.uk/vol1/fastq/SRR297/044/SRR29752044/SRR29752044.fastq.gz
SRR29752047	SAMN42321980	RNA-Seq	METAGENOMIC	ILLUMINA	human saliva metagenome	Metagenome or environmental sample from human saliva metagenome	65680	6823477	ftp.sra.ebi.ac.uk/vol1/fastq/SRR297/047/SRR29752047/SRR29752047.fastq.gz
SRR29752049	SAMN42321961	RNA-Seq	METAGENOMIC	ILLUMINA	human saliva metagenome	Metagenome or environmental sample from human saliva metagenome	79108	6494480	ftp.sra.ebi.ac.uk/vol1/fastq/SRR297/049/SRR29752049/SRR29752049.fastq.gz
SRR29752050	SAMN42321978	RNA-Seq	METAGENOMIC	ILLUMINA	human saliva metagenome	Metagenome or environmental sample from human saliva metagenome	73664	7418686	ftp.sra.ebi.ac.uk/vol1/fastq/SRR297/050/SRR29752050/SRR29752050.fastq.gz
SRR29752051	SAMN42321977	RNA-Seq	METAGENOMIC	ILLUMINA	human saliva metagenome	Metagenome or environmental sample from human saliva metagenome	68590	6497948	ftp.sra.ebi.ac.uk/vol1/fastq/SRR297/051/SRR29752051/SRR29752051.fastq.gz
SRR29752052	SAMN42321976	RNA-Seq	METAGENOMIC	ILLUMINA	human saliva metagenome	Metagenome or environmental sample from human saliva metagenome	74413	5964588	ftp.sra.ebi.ac.uk/vol1/fastq/SRR297/052/SRR29752052/SRR29752052.fastq.gz
SRR29752054	SAMN42321974	RNA-Seq	METAGENOMIC	ILLUMINA	human saliva metagenome	Metagenome or environmental sample from human saliva metagenome	73713	7287161	ftp.sra.ebi.ac.uk/vol1/fastq/SRR297/054/SRR29752054/SRR29752054.fastq.gz
SRR29752058	SAMN42321970	RNA-Seq	METAGENOMIC	ILLUMINA	human saliva metagenome	Metagenome or environmental sample from human saliva metagenome	74364	7637972	ftp.sra.ebi.ac.uk/vol1/fastq/SRR297/058/SRR29752058/SRR29752058.fastq.gz
SRR29752059	SAMN42321969	RNA-Seq	METAGENOMIC	ILLUMINA	human saliva metagenome	Metagenome or environmental sample from human saliva metagenome	64257	6489370	ftp.sra.ebi.ac.uk/vol1/fastq/SRR297/059/SRR29752059/SRR29752059.fastq.gz
SRR29752060	SAMN42321960	RNA-Seq	METAGENOMIC	ILLUMINA	human saliva metagenome	Metagenome or environmental sample from human saliva metagenome	68435	6866594	ftp.sra.ebi.ac.uk/vol1/fastq/SRR297/060/SRR29752060/SRR29752060.fastq.gz
SRR29752064	SAMN42321966	RNA-Seq	METAGENOMIC	ILLUMINA	human saliva metagenome	Metagenome or environmental sample from human saliva metagenome	73155	7330993	ftp.sra.ebi.ac.uk/vol1/fastq/SRR297/064/SRR29752064/SRR29752064.fastq.gz
SRR29752086	SAMN42334561	OTHER	METAGENOMIC	ILLUMINA	human saliva metagenome	Metagenome or environmental sample from human saliva metagenome	6089367	139718532	ftp.sra.ebi.ac.uk/vol1/fastq/SRR297/086/SRR29752086/SRR29752086.fastq.gz
SRR29752087	SAMN42334560	OTHER	METAGENOMIC	ILLUMINA	human saliva metagenome	Metagenome or environmental sample from human saliva metagenome	6289713	143799659	ftp.sra.ebi.ac.uk/vol1/fastq/SRR297/087/SRR29752087/SRR29752087.fastq.gz
SRR29752091	SAMN42334590	OTHER	METAGENOMIC	ILLUMINA	human saliva metagenome	Metagenome or environmental sample from human saliva metagenome	6718579	154992681	ftp.sra.ebi.ac.uk/vol1/fastq/SRR297/091/SRR29752091/SRR29752091.fastq.gz
SRR29752093	SAMN42334588	OTHER	METAGENOMIC	ILLUMINA	human saliva metagenome	Metagenome or environmental sample from human saliva metagenome	5945037	136688264	ftp.sra.ebi.ac.uk/vol1/fastq/SRR297/093/SRR29752093/SRR29752093.fastq.gz
SRR29752097	SAMN42334584	OTHER	METAGENOMIC	ILLUMINA	human saliva metagenome	Metagenome or environmental sample from human saliva metagenome	5615142	129138298	ftp.sra.ebi.ac.uk/vol1/fastq/SRR297/097/SRR29752097/SRR29752097.fastq.gz
SRR29752098	SAMN42334557	OTHER	METAGENOMIC	ILLUMINA	human saliva metagenome	Metagenome or environmental sample from human saliva metagenome	7201220	163201237	ftp.sra.ebi.ac.uk/vol1/fastq/SRR297/098/SRR29752098/SRR29752098.fastq.gz
SRR29752100	SAMN42334582	OTHER	METAGENOMIC	ILLUMINA	human saliva metagenome	Metagenome or environmental sample from human saliva metagenome	5782338	133178553	ftp.sra.ebi.ac.uk/vol1/fastq/SRR297/000/SRR29752100/SRR29752100.fastq.gz
SRR34341227	SAMN49751515	AMPLICON	METAGENOMIC	ILLUMINA	human oral metagenome	Metagenome or environmental sample from human oral metagenome	79997	4649331;4766895	ftp.sra.ebi.ac.uk/vol1/fastq/SRR343/027/SRR34341227/SRR34341227_1.fastq.gz;ftp.sra.ebi.ac.uk/vol1/fastq/SRR343/027/SRR34341227/SRR34341227_2.fastq.gz
SRR34341228	SAMN49751514	AMPLICON	METAGENOMIC	ILLUMINA	human oral metagenome	Metagenome or environmental sample from human oral metagenome	80054	6063520;6030179	ftp.sra.ebi.ac.uk/vol1/fastq/SRR343/028/SRR34341228/SRR34341228_1.fastq.gz;ftp.sra.ebi.ac.uk/vol1/fastq/SRR343/028/SRR34341228/SRR34341228_2.fastq.gz
SRR34341230	SAMN49751504	WGS	METAGENOMIC	BGISEQ	human oral metagenome	Metagenome or environmental sample from human oral metagenome	6303094	134491107	ftp.sra.ebi.ac.uk/vol1/fastq/SRR343/030/SRR34341230/SRR34341230.fastq.gz
SRR29712920	SAMN42321968	OTHER	METAGENOMIC	ILLUMINA	human saliva metagenome	Metagenome or environmental sample from human saliva metagenome	14206642	292771147	ftp.sra.ebi.ac.uk/vol1/fastq/SRR297/020/SRR29712920/SRR29712920.fastq.gz
SRR29712921	SAMN42321967	OTHER	METAGENOMIC	ILLUMINA	human saliva metagenome	Metagenome or environmental sample from human saliva metagenome	25076486	523081742	ftp.sra.ebi.ac.uk/vol1/fastq/SRR297/021/SRR29712921/SRR29712921.fastq.gz
SRR29712926	SAMN42321990	OTHER	METAGENOMIC	ILLUMINA	human saliva metagenome	Metagenome or environmental sample from human saliva metagenome	31445811	684699325	ftp.sra.ebi.ac.uk/vol1/fastq/SRR297/026/SRR29712926/SRR29712926.fastq.gz
SRR29712931	SAMN42321986	OTHER	METAGENOMIC	ILLUMINA	human saliva metagenome	Metagenome or environmental sample from human saliva metagenome	24626216	505445600	ftp.sra.ebi.ac.uk/vol1/fastq/SRR297/031/SRR29712931/SRR29712931.fastq.gz
SRR29712932	SAMN42321985	OTHER	METAGENOMIC	ILLUMINA	human saliva metagenome	Metagenome or environmental sample from human saliva metagenome	9614344	192580801	ftp.sra.ebi.ac.uk/vol1/fastq/SRR297/032/SRR29712932/SRR29712932.fastq.gz
SRR29712934	SAMN42321983	OTHER	METAGENOMIC	ILLUMINA	human saliva metagenome	Metagenome or environmental sample from human saliva metagenome	19114192	394860366	ftp.sra.ebi.ac.uk/vol1/fastq/SRR297/034/SRR29712934/SRR29712934.fastq.gz
SRR29712943	SAMN42321975	OTHER	METAGENOMIC	ILLUMINA	human saliva metagenome	Metagenome or environmental sample from human saliva metagenome	40434987	866680941	ftp.sra.ebi.ac.uk/vol1/fastq/SRR297/043/SRR29712943/SRR29712943.fastq.gz
SRR29721748	SAMN42334583	RNA-Seq	METAGENOMIC	PACBIO_SMRT	human saliva metagenome	Metagenome or environmental sample from human saliva metagenome	4805	3001001	ftp.sra.ebi.ac.uk/vol1/fastq/SRR297/048/SRR29721748/SRR29721748_subreads.fastq.gz
SRR29721750	SAMN42334585	RNA-Seq	METAGENOMIC	PACBIO_SMRT	human saliva metagenome	Metagenome or environmental sample from human saliva metagenome	7440	4183843	ftp.sra.ebi.ac.uk/vol1/fastq/SRR297/050/SRR29721750/SRR29721750_subreads.fastq.gz
SRR29721753	SAMN42334554	RNA-Seq	METAGENOMIC	PACBIO_SMRT	human saliva metagenome	Metagenome or environmental sample from human saliva metagenome	4742	2845751	ftp.sra.ebi.ac.uk/vol1/fastq/SRR297/053/SRR29721753/SRR29721753_subreads.fastq.gz
SRR29721754	SAMN42334555	RNA-Seq	METAGENOMIC	PACBIO_SMRT	human saliva metagenome	Metagenome or environmental sample from human saliva metagenome	6571	3888996	ftp.sra.ebi.ac.uk/vol1/fastq/SRR297/054/SRR29721754/SRR29721754_subreads.fastq.gz
SRR29721755	SAMN42334556	RNA-Seq	METAGENOMIC	PACBIO_SMRT	human saliva metagenome	Metagenome or environmental sample from human saliva metagenome	4395	2644867	ftp.sra.ebi.ac.uk/vol1/fastq/SRR297/055/SRR29721755/SRR29721755_subreads.fastq.gz
SRR29721756	SAMN42334557	RNA-Seq	METAGENOMIC	PACBIO_SMRT	human saliva metagenome	Metagenome or environmental sample from human saliva metagenome	7491	4380239	ftp.sra.ebi.ac.uk/vol1/fastq/SRR297/056/SRR29721756/SRR29721756_subreads.fastq.gz
SRR29721758	SAMN42334559	RNA-Seq	METAGENOMIC	PACBIO_SMRT	human saliva metagenome	Metagenome or environmental sample from human saliva metagenome	7466	4959741	ftp.sra.ebi.ac.uk/vol1/fastq/SRR297/058/SRR29721758/SRR29721758_subreads.fastq.gz
SRR29721761	SAMN42334588	RNA-Seq	METAGENOMIC	PACBIO_SMRT	human saliva metagenome	Metagenome or environmental sample from human saliva metagenome	7467	4769442	ftp.sra.ebi.ac.uk/vol1/fastq/SRR297/061/SRR29721761/SRR29721761_subreads.fastq.gz
SRR29721763	SAMN42334563	RNA-Seq	METAGENOMIC	PACBIO_SMRT	human saliva metagenome	Metagenome or environmental sample from human saliva metagenome	7480	4520285	ftp.sra.ebi.ac.uk/vol1/fastq/SRR297/063/SRR29721763/SRR29721763_subreads.fastq.gz
SRR29721766	SAMN42334566	RNA-Seq	METAGENOMIC	PACBIO_SMRT	human saliva metagenome	Metagenome or environmental sample from human saliva metagenome	7018	4095772	ftp.sra.ebi.ac.uk/vol1/fastq/SRR297/066/SRR29721766/SRR29721766_subreads.fastq.gz
SRR29721770	SAMN42334570	RNA-Seq	METAGENOMIC	PACBIO_SMRT	human saliva metagenome	Metagenome or environmental sample from human saliva metagenome	4637	2883960	ftp.sra.ebi.ac.uk/vol1/fastq/SRR297/070/SRR29721770/SRR29721770_subreads.fastq.gz
SRR29721784	SAMN42334591	RNA-Seq	METAGENOMIC	PACBIO_SMRT	human saliva metagenome	Metagenome or environmental sample from human saliva metagenome	4219	2465083	ftp.sra.ebi.ac.uk/vol1/fastq/SRR297/084/SRR29721784/SRR29721784_subreads.fastq.gz
SRR29721869	SAMN42334583	RNA-Seq	METAGENOMIC	ILLUMINA	human saliva metagenome	Metagenome or environmental sample from human saliva metagenome	50455	5723590;5200621	ftp.sra.ebi.ac.uk/vol1/fastq/SRR297/069/SRR29721869/SRR29721869_1.fastq.gz;ftp.sra.ebi.ac.uk/vol1/fastq/SRR297/069/SRR29721869/SRR29721869_2.fastq.gz
SRR29721870	SAMN42334584	RNA-Seq	METAGENOMIC	ILLUMINA	human saliva metagenome	Metagenome or environmental sample from human saliva metagenome	41802	4845411;4345132	ftp.sra.ebi.ac.uk/vol1/fastq/SRR297/070/SRR29721870/SRR29721870_1.fastq.gz;ftp.sra.ebi.ac.uk/vol1/fastq/SRR297/070/SRR29721870/SRR29721870_2.fastq.gz
SRR29721878	SAMN42334558	RNA-Seq	METAGENOMIC	ILLUMINA	human saliva metagenome	Metagenome or environmental sample from human saliva metagenome	56737	7169520;6084919	ftp.sra.ebi.ac.uk/vol1/fastq/SRR297/078/SRR29721878/SRR29721878_1.fastq.gz;ftp.sra.ebi.ac.uk/vol1/fastq/SRR297/078/SRR29721878/SRR29721878_2.fastq.gz
SRR29721880	SAMN42334560	RNA-Seq	METAGENOMIC	ILLUMINA	human saliva metagenome	Metagenome or environmental sample from human saliva metagenome	91089	10916165;9634083	ftp.sra.ebi.ac.uk/vol1/fastq/SRR297/080/SRR29721880/SRR29721880_1.fastq.gz;ftp.sra.ebi.ac.uk/vol1/fastq/SRR297/080/SRR29721880/SRR29721880_2.fastq.gz
SRR29721881	SAMN42334561	RNA-Seq	METAGENOMIC	ILLUMINA	human saliva metagenome	Metagenome or environmental sample from human saliva metagenome	47905	5466157;4902401	ftp.sra.ebi.ac.uk/vol1/fastq/SRR297/081/SRR29721881/SRR29721881_1.fastq.gz;ftp.sra.ebi.ac.uk/vol1/fastq/SRR297/081/SRR29721881/SRR29721881_2.fastq.gz
SRR29721883	SAMN42334562	RNA-Seq	METAGENOMIC	ILLUMINA	human saliva metagenome	Metagenome or environmental sample from human saliva metagenome	50107	6059450;5360025	ftp.sra.ebi.ac.uk/vol1/fastq/SRR297/083/SRR29721883/SRR29721883_1.fastq.gz;ftp.sra.ebi.ac.uk/vol1/fastq/SRR297/083/SRR29721883/SRR29721883_2.fastq.gz
SRR29721886	SAMN42334565	RNA-Seq	METAGENOMIC	ILLUMINA	human saliva metagenome	Metagenome or environmental sample from human saliva metagenome	50559	5799500;5222371	ftp.sra.ebi.ac.uk/vol1/fastq/SRR297/086/SRR29721886/SRR29721886_1.fastq.gz;ftp.sra.ebi.ac.uk/vol1/fastq/SRR297/086/SRR29721886/SRR29721886_2.fastq.gz
SRR29721888	SAMN42334567	RNA-Seq	METAGENOMIC	ILLUMINA	human saliva metagenome	Metagenome or environmental sample from human saliva metagenome	76099	9105412;8154226	ftp.sra.ebi.ac.uk/vol1/fastq/SRR297/088/SRR29721888/SRR29721888_1.fastq.gz;ftp.sra.ebi.ac.uk/vol1/fastq/SRR297/088/SRR29721888/SRR29721888_2.fastq.gz
SRR29721889	SAMN42334568	RNA-Seq	METAGENOMIC	ILLUMINA	human saliva metagenome	Metagenome or environmental sample from human saliva metagenome	42916	5095251;4442546	ftp.sra.ebi.ac.uk/vol1/fastq/SRR297/089/SRR29721889/SRR29721889_1.fastq.gz;ftp.sra.ebi.ac.uk/vol1/fastq/SRR297/089/SRR29721889/SRR29721889_2.fastq.gz
SRR29721892	SAMN42334571	RNA-Seq	METAGENOMIC	ILLUMINA	human saliva metagenome	Metagenome or environmental sample from human saliva metagenome	59586	6821486;5873427	ftp.sra.ebi.ac.uk/vol1/fastq/SRR297/092/SRR29721892/SRR29721892_1.fastq.gz;ftp.sra.ebi.ac.uk/vol1/fastq/SRR297/092/SRR29721892/SRR29721892_2.fastq.gz
SRR29721893	SAMN42334589	RNA-Seq	METAGENOMIC	ILLUMINA	human saliva metagenome	Metagenome or environmental sample from human saliva metagenome	31625	3650889;3251608	ftp.sra.ebi.ac.uk/vol1/fastq/SRR297/093/SRR29721893/SRR29721893_1.fastq.gz;ftp.sra.ebi.ac.uk/vol1/fastq/SRR297/093/SRR29721893/SRR29721893_2.fastq.gz
SRR29721903	SAMN42334581	RNA-Seq	METAGENOMIC	ILLUMINA	human saliva metagenome	Metagenome or environmental sample from human saliva metagenome	33971	3915586;3527745	ftp.sra.ebi.ac.uk/vol1/fastq/SRR297/003/SRR29721903/SRR29721903_1.fastq.gz;ftp.sra.ebi.ac.uk/vol1/fastq/SRR297/003/SRR29721903/SRR29721903_2.fastq.gz
SRR29726978	SAMN42321967	WGS	METAGENOMIC	DNBSEQ	human saliva metagenome	Metagenome or environmental sample from human saliva metagenome	201598785	21419263051;22074135318	ftp.sra.ebi.ac.uk/vol1/fastq/SRR297/078/SRR29726978/SRR29726978_1.fastq.gz;ftp.sra.ebi.ac.uk/vol1/fastq/SRR297/078/SRR29726978/SRR29726978_2.fastq.gz
SRR29726981	SAMN42321964	WGS	METAGENOMIC	DNBSEQ	human saliva metagenome	Metagenome or environmental sample from human saliva metagenome	174227501	22734543606;18450007532	ftp.sra.ebi.ac.uk/vol1/fastq/SRR297/081/SRR29726981/SRR29726981_1.fastq.gz;ftp.sra.ebi.ac.uk/vol1/fastq/SRR297/081/SRR29726981/SRR29726981_2.fastq.gz
SRR29726984	SAMN42321989	WGS	METAGENOMIC	DNBSEQ	human saliva metagenome	Metagenome or environmental sample from human saliva metagenome	107562210	13684551584;11818141955	ftp.sra.ebi.ac.uk/vol1/fastq/SRR297/084/SRR29726984/SRR29726984_1.fastq.gz;ftp.sra.ebi.ac.uk/vol1/fastq/SRR297/084/SRR29726984/SRR29726984_2.fastq.gz
SRR29726987	SAMN42321987	WGS	METAGENOMIC	DNBSEQ	human saliva metagenome	Metagenome or environmental sample from human saliva metagenome	213498920	22117101197;22499252276	ftp.sra.ebi.ac.uk/vol1/fastq/SRR297/087/SRR29726987/SRR29726987_1.fastq.gz;ftp.sra.ebi.ac.uk/vol1/fastq/SRR297/087/SRR29726987/SRR29726987_2.fastq.gz
SRR29726990	SAMN42321984	WGS	METAGENOMIC	DNBSEQ	human saliva metagenome	Metagenome or environmental sample from human saliva metagenome	227219481	26103261562;23709261261	ftp.sra.ebi.ac.uk/vol1/fastq/SRR297/090/SRR29726990/SRR29726990_1.fastq.gz;ftp.sra.ebi.ac.uk/vol1/fastq/SRR297/090/SRR29726990/SRR29726990_2.fastq.gz
SRR29726991	SAMN42321983	WGS	METAGENOMIC	DNBSEQ	human saliva metagenome	Metagenome or environmental sample from human saliva metagenome	273386757	28895553466;28705019321	ftp.sra.ebi.ac.uk/vol1/fastq/SRR297/091/SRR29726991/SRR29726991_1.fastq.gz;ftp.sra.ebi.ac.uk/vol1/fastq/SRR297/091/SRR29726991/SRR29726991_2.fastq.gz
SRR29726994	SAMN42321980	WGS	METAGENOMIC	DNBSEQ	human saliva metagenome	Metagenome or environmental sample from human saliva metagenome	228947767	23503792291;23382102192	ftp.sra.ebi.ac.uk/vol1/fastq/SRR297/094/SRR29726994/SRR29726994_1.fastq.gz;ftp.sra.ebi.ac.uk/vol1/fastq/SRR297/094/SRR29726994/SRR29726994_2.fastq.gz
SRR29726995	SAMN42321979	WGS	METAGENOMIC	DNBSEQ	human saliva metagenome	Metagenome or environmental sample from human saliva metagenome	193892089	20755964823;19953884584	ftp.sra.ebi.ac.uk/vol1/fastq/SRR297/095/SRR29726995/SRR29726995_1.fastq.gz;ftp.sra.ebi.ac.uk/vol1/fastq/SRR297/095/SRR29726995/SRR29726995_2.fastq.gz
SRR29726998	SAMN42321977	WGS	METAGENOMIC	DNBSEQ	human saliva metagenome	Metagenome or environmental sample from human saliva metagenome	216156388	24129442276;22840567579	ftp.sra.ebi.ac.uk/vol1/fastq/SRR297/098/SRR29726998/SRR29726998_1.fastq.gz;ftp.sra.ebi.ac.uk/vol1/fastq/SRR297/098/SRR29726998/SRR29726998_2.fastq.gz
SRR29727001	SAMN42321974	WGS	METAGENOMIC	DNBSEQ	human saliva metagenome	Metagenome or environmental sample from human saliva metagenome	191989939	21387358733;20935684174	ftp.sra.ebi.ac.uk/vol1/fastq/SRR297/001/SRR29727001/SRR29727001_1.fastq.gz;ftp.sra.ebi.ac.uk/vol1/fastq/SRR297/001/SRR29727001/SRR29727001_2.fastq.gz
SRR29727006	SAMN42321969	WGS	METAGENOMIC	DNBSEQ	human saliva metagenome	Metagenome or environmental sample from human saliva metagenome	234114097	24732814413;24270763680	ftp.sra.ebi.ac.uk/vol1/fastq/SRR297/006/SRR29727006/SRR29727006_1.fastq.gz;ftp.sra.ebi.ac.uk/vol1/fastq/SRR297/006/SRR29727006/SRR29727006_2.fastq.gz
SRR29727008	SAMN42321959	WGS	METAGENOMIC	DNBSEQ	human saliva metagenome	Metagenome or environmental sample from human saliva metagenome	334944805	39029083180;36856422609	ftp.sra.ebi.ac.uk/vol1/fastq/SRR297/008/SRR29727008/SRR29727008_1.fastq.gz;ftp.sra.ebi.ac.uk/vol1/fastq/SRR297/008/SRR29727008/SRR29727008_2.fastq.gz
SRR29727656	SAMN42336153	WGS	METAGENOMIC	DNBSEQ	synthetic metagenome	Metagenome or environmental sample from synthetic metagenome	26613459	1938133270;2095191887	ftp.sra.ebi.ac.uk/vol1/fastq/SRR297/056/SRR29727656/SRR29727656_1.fastq.gz;ftp.sra.ebi.ac.uk/vol1/fastq/SRR297/056/SRR29727656/SRR29727656_2.fastq.gz
SRR29727657	SAMN42336152	OTHER	METAGENOMIC	ILLUMINA	synthetic metagenome	Metagenome or environmental sample from synthetic metagenome	10881833	413429023;555769963	ftp.sra.ebi.ac.uk/vol1/fastq/SRR297/057/SRR29727657/SRR29727657_1.fastq.gz;ftp.sra.ebi.ac.uk/vol1/fastq/SRR297/057/SRR29727657/SRR29727657_2.fastq.gz
SRR29727659	SAMN42336150	OTHER	METAGENOMIC	ILLUMINA	synthetic metagenome	Metagenome or environmental sample from synthetic metagenome	11998988	509237568;624626004	ftp.sra.ebi.ac.uk/vol1/fastq/SRR297/059/SRR29727659/SRR29727659_1.fastq.gz;ftp.sra.ebi.ac.uk/vol1/fastq/SRR297/059/SRR29727659/SRR29727659_2.fastq.gz
SRR29736160	SAMN42336150	RNA-Seq	METAGENOMIC	ILLUMINA	synthetic metagenome	Metagenome or environmental sample from synthetic metagenome	56355	3941663	ftp.sra.ebi.ac.uk/vol1/fastq/SRR297/060/SRR29736160/SRR29736160.fastq.gz
SRR29752048	SAMN42321979	RNA-Seq	METAGENOMIC	ILLUMINA	human saliva metagenome	Metagenome or environmental sample from human saliva metagenome	58041	4828474	ftp.sra.ebi.ac.uk/vol1/fastq/SRR297/048/SRR29752048/SRR29752048.fastq.gz
SRR29752055	SAMN42321973	RNA-Seq	METAGENOMIC	ILLUMINA	human saliva metagenome	Metagenome or environmental sample from human saliva metagenome	73495	7674334	ftp.sra.ebi.ac.uk/vol1/fastq/SRR297/055/SRR29752055/SRR29752055.fastq.gz
SRR29752057	SAMN42321971	RNA-Seq	METAGENOMIC	ILLUMINA	human saliva metagenome	Metagenome or environmental sample from human saliva metagenome	66435	5954241	ftp.sra.ebi.ac.uk/vol1/fastq/SRR297/057/SRR29752057/SRR29752057.fastq.gz
SRR29752061	SAMN42321959	RNA-Seq	METAGENOMIC	ILLUMINA	human saliva metagenome	Metagenome or environmental sample from human saliva metagenome	45806	4150971	ftp.sra.ebi.ac.uk/vol1/fastq/SRR297/061/SRR29752061/SRR29752061.fastq.gz
SRR29752062	SAMN42321968	RNA-Seq	METAGENOMIC	ILLUMINA	human saliva metagenome	Metagenome or environmental sample from human saliva metagenome	55038	4983403	ftp.sra.ebi.ac.uk/vol1/fastq/SRR297/062/SRR29752062/SRR29752062.fastq.gz
SRR29752063	SAMN42321967	RNA-Seq	METAGENOMIC	ILLUMINA	human saliva metagenome	Metagenome or environmental sample from human saliva metagenome	67209	6553435	ftp.sra.ebi.ac.uk/vol1/fastq/SRR297/063/SRR29752063/SRR29752063.fastq.gz
SRR29752084	SAMN42334563	OTHER	METAGENOMIC	ILLUMINA	human saliva metagenome	Metagenome or environmental sample from human saliva metagenome	7216966	164834462	ftp.sra.ebi.ac.uk/vol1/fastq/SRR297/084/SRR29752084/SRR29752084.fastq.gz
SRR29752088	SAMN42334559	OTHER	METAGENOMIC	ILLUMINA	human saliva metagenome	Metagenome or environmental sample from human saliva metagenome	6216539	142292686	ftp.sra.ebi.ac.uk/vol1/fastq/SRR297/088/SRR29752088/SRR29752088.fastq.gz
SRR29752089	SAMN42334558	OTHER	METAGENOMIC	ILLUMINA	human saliva metagenome	Metagenome or environmental sample from human saliva metagenome	6078086	140195225	ftp.sra.ebi.ac.uk/vol1/fastq/SRR297/089/SRR29752089/SRR29752089.fastq.gz
SRR29752090	SAMN42334591	OTHER	METAGENOMIC	ILLUMINA	human saliva metagenome	Metagenome or environmental sample from human saliva metagenome	7811245	177483405	ftp.sra.ebi.ac.uk/vol1/fastq/SRR297/090/SRR29752090/SRR29752090.fastq.gz
SRR29752092	SAMN42334589	OTHER	METAGENOMIC	ILLUMINA	human saliva metagenome	Metagenome or environmental sample from human saliva metagenome	8612785	193364686	ftp.sra.ebi.ac.uk/vol1/fastq/SRR297/092/SRR29752092/SRR29752092.fastq.gz
SRR29752096	SAMN42334585	OTHER	METAGENOMIC	ILLUMINA	human saliva metagenome	Metagenome or environmental sample from human saliva metagenome	6367543	147238714	ftp.sra.ebi.ac.uk/vol1/fastq/SRR297/096/SRR29752096/SRR29752096.fastq.gz
SRR29752101	SAMN42334581	OTHER	METAGENOMIC	ILLUMINA	human saliva metagenome	Metagenome or environmental sample from human saliva metagenome	6106002	139398886	ftp.sra.ebi.ac.uk/vol1/fastq/SRR297/001/SRR29752101/SRR29752101.fastq.gz
SRR29752102	SAMN42334580	OTHER	METAGENOMIC	ILLUMINA	human saliva metagenome	Metagenome or environmental sample from human saliva metagenome	5557315	128570306	ftp.sra.ebi.ac.uk/vol1/fastq/SRR297/002/SRR29752102/SRR29752102.fastq.gz
SRR29752108	SAMN42334574	OTHER	METAGENOMIC	ILLUMINA	human saliva metagenome	Metagenome or environmental sample from human saliva metagenome	4909901	114269193	ftp.sra.ebi.ac.uk/vol1/fastq/SRR297/008/SRR29752108/SRR29752108.fastq.gz
SRR29752109	SAMN42334556	OTHER	METAGENOMIC	ILLUMINA	human saliva metagenome	Metagenome or environmental sample from human saliva metagenome	6501162	149577450	ftp.sra.ebi.ac.uk/vol1/fastq/SRR297/009/SRR29752109/SRR29752109.fastq.gz
SRR29752111	SAMN42334572	OTHER	METAGENOMIC	ILLUMINA	human saliva metagenome	Metagenome or environmental sample from human saliva metagenome	5395038	123680623	ftp.sra.ebi.ac.uk/vol1/fastq/SRR297/011/SRR29752111/SRR29752111.fastq.gz
SRR29752112	SAMN42334571	OTHER	METAGENOMIC	ILLUMINA	human saliva metagenome	Metagenome or environmental sample from human saliva metagenome	6972431	159536131	ftp.sra.ebi.ac.uk/vol1/fastq/SRR297/012/SRR29752112/SRR29752112.fastq.gz
SRR29752114	SAMN42334569	OTHER	METAGENOMIC	ILLUMINA	human saliva metagenome	Metagenome or environmental sample from human saliva metagenome	7872073	179816098	ftp.sra.ebi.ac.uk/vol1/fastq/SRR297/014/SRR29752114/SRR29752114.fastq.gz
SRR29752115	SAMN42334568	OTHER	METAGENOMIC	ILLUMINA	human saliva metagenome	Metagenome or environmental sample from human saliva metagenome	6825864	156909809	ftp.sra.ebi.ac.uk/vol1/fastq/SRR297/015/SRR29752115/SRR29752115.fastq.gz
SRR29752119	SAMN42334564	OTHER	METAGENOMIC	ILLUMINA	human saliva metagenome	Metagenome or environmental sample from human saliva metagenome	5577061	128474515	ftp.sra.ebi.ac.uk/vol1/fastq/SRR297/019/SRR29752119/SRR29752119.fastq.gz
SRR29712923	SAMN42321965	OTHER	METAGENOMIC	ILLUMINA	human saliva metagenome	Metagenome or environmental sample from human saliva metagenome	8226605	177066959	ftp.sra.ebi.ac.uk/vol1/fastq/SRR297/023/SRR29712923/SRR29712923.fastq.gz
SRR29712929	SAMN42321988	OTHER	METAGENOMIC	ILLUMINA	human saliva metagenome	Metagenome or environmental sample from human saliva metagenome	29603660	641696292	ftp.sra.ebi.ac.uk/vol1/fastq/SRR297/029/SRR29712929/SRR29712929.fastq.gz
SRR29712930	SAMN42321987	OTHER	METAGENOMIC	ILLUMINA	human saliva metagenome	Metagenome or environmental sample from human saliva metagenome	9666632	196723822	ftp.sra.ebi.ac.uk/vol1/fastq/SRR297/030/SRR29712930/SRR29712930.fastq.gz
SRR29712933	SAMN42321984	OTHER	METAGENOMIC	ILLUMINA	human saliva metagenome	Metagenome or environmental sample from human saliva metagenome	8330377	171308418	ftp.sra.ebi.ac.uk/vol1/fastq/SRR297/033/SRR29712933/SRR29712933.fastq.gz
SRR29712935	SAMN42321982	OTHER	METAGENOMIC	ILLUMINA	human saliva metagenome	Metagenome or environmental sample from human saliva metagenome	33683413	731814428	ftp.sra.ebi.ac.uk/vol1/fastq/SRR297/035/SRR29712935/SRR29712935.fastq.gz
SRR29712937	SAMN42321980	OTHER	METAGENOMIC	ILLUMINA	human saliva metagenome	Metagenome or environmental sample from human saliva metagenome	29985820	622280335	ftp.sra.ebi.ac.uk/vol1/fastq/SRR297/037/SRR29712937/SRR29712937.fastq.gz
SRR29712939	SAMN42321961	OTHER	METAGENOMIC	ILLUMINA	human saliva metagenome	Metagenome or environmental sample from human saliva metagenome	9457011	194942475	ftp.sra.ebi.ac.uk/vol1/fastq/SRR297/039/SRR29712939/SRR29712939.fastq.gz
SRR29712941	SAMN42321977	OTHER	METAGENOMIC	ILLUMINA	human saliva metagenome	Metagenome or environmental sample from human saliva metagenome	10684131	228057665	ftp.sra.ebi.ac.uk/vol1/fastq/SRR297/041/SRR29712941/SRR29712941.fastq.gz
SRR29712942	SAMN42321976	OTHER	METAGENOMIC	ILLUMINA	human saliva metagenome	Metagenome or environmental sample from human saliva metagenome	10103460	209006607	ftp.sra.ebi.ac.uk/vol1/fastq/SRR297/042/SRR29712942/SRR29712942.fastq.gz
SRR29712946	SAMN42321972	OTHER	METAGENOMIC	ILLUMINA	human saliva metagenome	Metagenome or environmental sample from human saliva metagenome	20356369	419501084	ftp.sra.ebi.ac.uk/vol1/fastq/SRR297/046/SRR29712946/SRR29712946.fastq.gz
SRR29712949	SAMN42321969	OTHER	METAGENOMIC	ILLUMINA	human saliva metagenome	Metagenome or environmental sample from human saliva metagenome	11084762	229286360	ftp.sra.ebi.ac.uk/vol1/fastq/SRR297/049/SRR29712949/SRR29712949.fastq.gz
SRR29721747	SAMN42334582	RNA-Seq	METAGENOMIC	PACBIO_SMRT	human saliva metagenome	Metagenome or environmental sample from human saliva metagenome	7529	4488490	ftp.sra.ebi.ac.uk/vol1/fastq/SRR297/047/SRR29721747/SRR29721747_subreads.fastq.gz
SRR29721751	SAMN42334586	RNA-Seq	METAGENOMIC	PACBIO_SMRT	human saliva metagenome	Metagenome or environmental sample from human saliva metagenome	6406	3984048	ftp.sra.ebi.ac.uk/vol1/fastq/SRR297/051/SRR29721751/SRR29721751_subreads.fastq.gz
SRR29721759	SAMN42334560	RNA-Seq	METAGENOMIC	PACBIO_SMRT	human saliva metagenome	Metagenome or environmental sample from human saliva metagenome	7429	4296988	ftp.sra.ebi.ac.uk/vol1/fastq/SRR297/059/SRR29721759/SRR29721759_subreads.fastq.gz
SRR29721760	SAMN42334561	RNA-Seq	METAGENOMIC	PACBIO_SMRT	human saliva metagenome	Metagenome or environmental sample from human saliva metagenome	7498	4521713	ftp.sra.ebi.ac.uk/vol1/fastq/SRR297/060/SRR29721760/SRR29721760_subreads.fastq.gz
SRR29721764	SAMN42334564	RNA-Seq	METAGENOMIC	PACBIO_SMRT	human saliva metagenome	Metagenome or environmental sample from human saliva metagenome	6594	4140615	ftp.sra.ebi.ac.uk/vol1/fastq/SRR297/064/SRR29721764/SRR29721764_subreads.fastq.gz
SRR29721765	SAMN42334565	RNA-Seq	METAGENOMIC	PACBIO_SMRT	human saliva metagenome	Metagenome or environmental sample from human saliva metagenome	7494	4415243	ftp.sra.ebi.ac.uk/vol1/fastq/SRR297/065/SRR29721765/SRR29721765_subreads.fastq.gz
SRR29721767	SAMN42334567	RNA-Seq	METAGENOMIC	PACBIO_SMRT	human saliva metagenome	Metagenome or environmental sample from human saliva metagenome	7499	4714573	ftp.sra.ebi.ac.uk/vol1/fastq/SRR297/067/SRR29721767/SRR29721767_subreads.fastq.gz
SRR29721768	SAMN42334568	RNA-Seq	METAGENOMIC	PACBIO_SMRT	human saliva metagenome	Metagenome or environmental sample from human saliva metagenome	7547	4553423	ftp.sra.ebi.ac.uk/vol1/fastq/SRR297/068/SRR29721768/SRR29721768_subreads.fastq.gz
SRR29721769	SAMN42334569	RNA-Seq	METAGENOMIC	PACBIO_SMRT	human saliva metagenome	Metagenome or environmental sample from human saliva metagenome	7577	4664807	ftp.sra.ebi.ac.uk/vol1/fastq/SRR297/069/SRR29721769/SRR29721769_subreads.fastq.gz
SRR29721774	SAMN42334573	RNA-Seq	METAGENOMIC	PACBIO_SMRT	human saliva metagenome	Metagenome or environmental sample from human saliva metagenome	7529	4812895	ftp.sra.ebi.ac.uk/vol1/fastq/SRR297/074/SRR29721774/SRR29721774_subreads.fastq.gz
SRR29721776	SAMN42334575	RNA-Seq	METAGENOMIC	PACBIO_SMRT	human saliva metagenome	Metagenome or environmental sample from human saliva metagenome	6436	4053694	ftp.sra.ebi.ac.uk/vol1/fastq/SRR297/076/SRR29721776/SRR29721776_subreads.fastq.gz
SRR29721777	SAMN42334576	RNA-Seq	METAGENOMIC	PACBIO_SMRT	human saliva metagenome	Metagenome or environmental sample from human saliva metagenome	7529	4627343	ftp.sra.ebi.ac.uk/vol1/fastq/SRR297/077/SRR29721777/SRR29721777_subreads.fastq.gz
SRR29721779	SAMN42334578	RNA-Seq	METAGENOMIC	PACBIO_SMRT	human saliva metagenome	Metagenome or environmental sample from human saliva metagenome	7036	4706127	ftp.sra.ebi.ac.uk/vol1/fastq/SRR297/079/SRR29721779/SRR29721779_subreads.fastq.gz
SRR29721781	SAMN42334580	RNA-Seq	METAGENOMIC	PACBIO_SMRT	human saliva metagenome	Metagenome or environmental sample from human saliva metagenome	7483	4514785	ftp.sra.ebi.ac.uk/vol1/fastq/SRR297/081/SRR29721781/SRR29721781_subreads.fastq.gz
SRR29721782	SAMN42334581	RNA-Seq	METAGENOMIC	PACBIO_SMRT	human saliva metagenome	Metagenome or environmental sample from human saliva metagenome	7505	4267175	ftp.sra.ebi.ac.uk/vol1/fastq/SRR297/082/SRR29721782/SRR29721782_subreads.fastq.gz
SRR29721783	SAMN42334590	RNA-Seq	METAGENOMIC	PACBIO_SMRT	human saliva metagenome	Metagenome or environmental sample from human saliva metagenome	7521	4853607	ftp.sra.ebi.ac.uk/vol1/fastq/SRR297/083/SRR29721783/SRR29721783_subreads.fastq.gz
SRR29721872	SAMN42334586	RNA-Seq	METAGENOMIC	ILLUMINA	human saliva metagenome	Metagenome or environmental sample from human saliva metagenome	72090	8777490;7600158	ftp.sra.ebi.ac.uk/vol1/fastq/SRR297/072/SRR29721872/SRR29721872_1.fastq.gz;ftp.sra.ebi.ac.uk/vol1/fastq/SRR297/072/SRR29721872/SRR29721872_2.fastq.gz
SRR29721877	SAMN42334557	RNA-Seq	METAGENOMIC	ILLUMINA	human saliva metagenome	Metagenome or environmental sample from human saliva metagenome	47572	5535912;4814696	ftp.sra.ebi.ac.uk/vol1/fastq/SRR297/077/SRR29721877/SRR29721877_1.fastq.gz;ftp.sra.ebi.ac.uk/vol1/fastq/SRR297/077/SRR29721877/SRR29721877_2.fastq.gz
SRR29721879	SAMN42334559	RNA-Seq	METAGENOMIC	ILLUMINA	human saliva metagenome	Metagenome or environmental sample from human saliva metagenome	32395	3732018;3324098	ftp.sra.ebi.ac.uk/vol1/fastq/SRR297/079/SRR29721879/SRR29721879_1.fastq.gz;ftp.sra.ebi.ac.uk/vol1/fastq/SRR297/079/SRR29721879/SRR29721879_2.fastq.gz
SRR29721884	SAMN42334563	RNA-Seq	METAGENOMIC	ILLUMINA	human saliva metagenome	Metagenome or environmental sample from human saliva metagenome	44797	5480604;4945943	ftp.sra.ebi.ac.uk/vol1/fastq/SRR297/084/SRR29721884/SRR29721884_1.fastq.gz;ftp.sra.ebi.ac.uk/vol1/fastq/SRR297/084/SRR29721884/SRR29721884_2.fastq.gz
SRR29721887	SAMN42334566	RNA-Seq	METAGENOMIC	ILLUMINA	human saliva metagenome	Metagenome or environmental sample from human saliva metagenome	33913	3874167;3404637	ftp.sra.ebi.ac.uk/vol1/fastq/SRR297/087/SRR29721887/SRR29721887_1.fastq.gz;ftp.sra.ebi.ac.uk/vol1/fastq/SRR297/087/SRR29721887/SRR29721887_2.fastq.gz
SRR29721890	SAMN42334569	RNA-Seq	METAGENOMIC	ILLUMINA	human saliva metagenome	Metagenome or environmental sample from human saliva metagenome	38786	4572168;3978719	ftp.sra.ebi.ac.uk/vol1/fastq/SRR297/090/SRR29721890/SRR29721890_1.fastq.gz;ftp.sra.ebi.ac.uk/vol1/fastq/SRR297/090/SRR29721890/SRR29721890_2.fastq.gz
SRR29721891	SAMN42334570	RNA-Seq	METAGENOMIC	ILLUMINA	human saliva metagenome	Metagenome or environmental sample from human saliva metagenome	57977	6767057;6214907	ftp.sra.ebi.ac.uk/vol1/fastq/SRR297/091/SRR29721891/SRR29721891_1.fastq.gz;ftp.sra.ebi.ac.uk/vol1/fastq/SRR297/091/SRR29721891/SRR29721891_2.fastq.gz
SRR29721898	SAMN42334576	RNA-Seq	METAGENOMIC	ILLUMINA	human saliva metagenome	Metagenome or environmental sample from human saliva metagenome	73056	8980800;7976793	ftp.sra.ebi.ac.uk/vol1/fastq/SRR297/098/SRR29721898/SRR29721898_1.fastq.gz;ftp.sra.ebi.ac.uk/vol1/fastq/SRR297/098/SRR29721898/SRR29721898_2.fastq.gz
SRR29721899	SAMN42334577	RNA-Seq	METAGENOMIC	ILLUMINA	human saliva metagenome	Metagenome or environmental sample from human saliva metagenome	39643	4976282;4488899	ftp.sra.ebi.ac.uk/vol1/fastq/SRR297/099/SRR29721899/SRR29721899_1.fastq.gz;ftp.sra.ebi.ac.uk/vol1/fastq/SRR297/099/SRR29721899/SRR29721899_2.fastq.gz
SRR29726977	SAMN42321968	WGS	METAGENOMIC	DNBSEQ	human saliva metagenome	Metagenome or environmental sample from human saliva metagenome	151257465	19069793644;16598729811	ftp.sra.ebi.ac.uk/vol1/fastq/SRR297/077/SRR29726977/SRR29726977_1.fastq.gz;ftp.sra.ebi.ac.uk/vol1/fastq/SRR297/077/SRR29726977/SRR29726977_2.fastq.gz
SRR29726979	SAMN42321966	WGS	METAGENOMIC	DNBSEQ	human saliva metagenome	Metagenome or environmental sample from human saliva metagenome	209248882	24907176909;22599727620	ftp.sra.ebi.ac.uk/vol1/fastq/SRR297/079/SRR29726979/SRR29726979_1.fastq.gz;ftp.sra.ebi.ac.uk/vol1/fastq/SRR297/079/SRR29726979/SRR29726979_2.fastq.gz
SRR29726980	SAMN42321965	WGS	METAGENOMIC	DNBSEQ	human saliva metagenome	Metagenome or environmental sample from human saliva metagenome	116598570	13758306175;12807608194	ftp.sra.ebi.ac.uk/vol1/fastq/SRR297/080/SRR29726980/SRR29726980_1.fastq.gz;ftp.sra.ebi.ac.uk/vol1/fastq/SRR297/080/SRR29726980/SRR29726980_2.fastq.gz
SRR29726982	SAMN42321963	WGS	METAGENOMIC	DNBSEQ	human saliva metagenome	Metagenome or environmental sample from human saliva metagenome	177350773	21347083201;19202941379	ftp.sra.ebi.ac.uk/vol1/fastq/SRR297/082/SRR29726982/SRR29726982_1.fastq.gz;ftp.sra.ebi.ac.uk/vol1/fastq/SRR297/082/SRR29726982/SRR29726982_2.fastq.gz
SRR29726983	SAMN42321990	WGS	METAGENOMIC	DNBSEQ	human saliva metagenome	Metagenome or environmental sample from human saliva metagenome	244036381	25976260474;26145109299	ftp.sra.ebi.ac.uk/vol1/fastq/SRR297/083/SRR29726983/SRR29726983_1.fastq.gz;ftp.sra.ebi.ac.uk/vol1/fastq/SRR297/083/SRR29726983/SRR29726983_2.fastq.gz
SRR29726993	SAMN42321981	WGS	METAGENOMIC	DNBSEQ	human saliva metagenome	Metagenome or environmental sample from human saliva metagenome	191383687	20908612429;20538471276	ftp.sra.ebi.ac.uk/vol1/fastq/SRR297/093/SRR29726993/SRR29726993_1.fastq.gz;ftp.sra.ebi.ac.uk/vol1/fastq/SRR297/093/SRR29726993/SRR29726993_2.fastq.gz
SRR29726997	SAMN42321978	WGS	METAGENOMIC	DNBSEQ	human saliva metagenome	Metagenome or environmental sample from human saliva metagenome	129834517	13769392929;14005769947	ftp.sra.ebi.ac.uk/vol1/fastq/SRR297/097/SRR29726997/SRR29726997_1.fastq.gz;ftp.sra.ebi.ac.uk/vol1/fastq/SRR297/097/SRR29726997/SRR29726997_2.fastq.gz
SRR29727000	SAMN42321975	WGS	METAGENOMIC	DNBSEQ	human saliva metagenome	Metagenome or environmental sample from human saliva metagenome	191439816	20301789227;20476675356	ftp.sra.ebi.ac.uk/vol1/fastq/SRR297/000/SRR29727000/SRR29727000_1.fastq.gz;ftp.sra.ebi.ac.uk/vol1/fastq/SRR297/000/SRR29727000/SRR29727000_2.fastq.gz
SRR29727002	SAMN42321973	WGS	METAGENOMIC	DNBSEQ	human saliva metagenome	Metagenome or environmental sample from human saliva metagenome	239377117	29023705824;24895043464	ftp.sra.ebi.ac.uk/vol1/fastq/SRR297/002/SRR29727002/SRR29727002_1.fastq.gz;ftp.sra.ebi.ac.uk/vol1/fastq/SRR297/002/SRR29727002/SRR29727002_2.fastq.gz
SRR29727003	SAMN42321972	WGS	METAGENOMIC	DNBSEQ	human saliva metagenome	Metagenome or environmental sample from human saliva metagenome	266163875	27396286711;26990097428	ftp.sra.ebi.ac.uk/vol1/fastq/SRR297/003/SRR29727003/SRR29727003_1.fastq.gz;ftp.sra.ebi.ac.uk/vol1/fastq/SRR297/003/SRR29727003/SRR29727003_2.fastq.gz
SRR29727004	SAMN42321971	WGS	METAGENOMIC	DNBSEQ	human saliva metagenome	Metagenome or environmental sample from human saliva metagenome	228632799	24127242386;23972003693	ftp.sra.ebi.ac.uk/vol1/fastq/SRR297/004/SRR29727004/SRR29727004_1.fastq.gz;ftp.sra.ebi.ac.uk/vol1/fastq/SRR297/004/SRR29727004/SRR29727004_2.fastq.gz
SRR29727005	SAMN42321970	WGS	METAGENOMIC	DNBSEQ	human saliva metagenome	Metagenome or environmental sample from human saliva metagenome	161541944	17241990357;16430268360	ftp.sra.ebi.ac.uk/vol1/fastq/SRR297/005/SRR29727005/SRR29727005_1.fastq.gz;ftp.sra.ebi.ac.uk/vol1/fastq/SRR297/005/SRR29727005/SRR29727005_2.fastq.gz
SRR29727007	SAMN42321960	WGS	METAGENOMIC	DNBSEQ	human saliva metagenome	Metagenome or environmental sample from human saliva metagenome	223861232	25695842945;23808466461	ftp.sra.ebi.ac.uk/vol1/fastq/SRR297/007/SRR29727007/SRR29727007_1.fastq.gz;ftp.sra.ebi.ac.uk/vol1/fastq/SRR297/007/SRR29727007/SRR29727007_2.fastq.gz
SRR29727654	SAMN42336157	WGS	METAGENOMIC	DNBSEQ	synthetic metagenome	Metagenome or environmental sample from synthetic metagenome	18395233	1358115009;1394786609	ftp.sra.ebi.ac.uk/vol1/fastq/SRR297/054/SRR29727654/SRR29727654_1.fastq.gz;ftp.sra.ebi.ac.uk/vol1/fastq/SRR297/054/SRR29727654/SRR29727654_2.fastq.gz
SRR29727655	SAMN42336155	WGS	METAGENOMIC	DNBSEQ	synthetic metagenome	Metagenome or environmental sample from synthetic metagenome	29660462	2168001898;2277382062	ftp.sra.ebi.ac.uk/vol1/fastq/SRR297/055/SRR29727655/SRR29727655_1.fastq.gz;ftp.sra.ebi.ac.uk/vol1/fastq/SRR297/055/SRR29727655/SRR29727655_2.fastq.gz
SRR29727658	SAMN42336151	OTHER	METAGENOMIC	ILLUMINA	synthetic metagenome	Metagenome or environmental sample from synthetic metagenome	10344697	417813569;525099134	ftp.sra.ebi.ac.uk/vol1/fastq/SRR297/058/SRR29727658/SRR29727658_1.fastq.gz;ftp.sra.ebi.ac.uk/vol1/fastq/SRR297/058/SRR29727658/SRR29727658_2.fastq.gz
SRR29727660	SAMN42336149	OTHER	METAGENOMIC	ILLUMINA	synthetic metagenome	Metagenome or environmental sample from synthetic metagenome	11833624	502118885;609579756	ftp.sra.ebi.ac.uk/vol1/fastq/SRR297/060/SRR29727660/SRR29727660_1.fastq.gz;ftp.sra.ebi.ac.uk/vol1/fastq/SRR297/060/SRR29727660/SRR29727660_2.fastq.gz
SRR29736159	SAMN42336151	RNA-Seq	METAGENOMIC	ILLUMINA	synthetic metagenome	Metagenome or environmental sample from synthetic metagenome	281286	9008485;9420911	ftp.sra.ebi.ac.uk/vol1/fastq/SRR297/059/SRR29736159/SRR29736159_1.fastq.gz;ftp.sra.ebi.ac.uk/vol1/fastq/SRR297/059/SRR29736159/SRR29736159_2.fastq.gz
SRR29736161	SAMN42336149	RNA-Seq	METAGENOMIC	ILLUMINA	synthetic metagenome	Metagenome or environmental sample from synthetic metagenome	71686	5962964	ftp.sra.ebi.ac.uk/vol1/fastq/SRR297/061/SRR29736161/SRR29736161.fastq.gz
SRR29752035	SAMN42321963	RNA-Seq	METAGENOMIC	ILLUMINA	human saliva metagenome	Metagenome or environmental sample from human saliva metagenome	71821	6888956	ftp.sra.ebi.ac.uk/vol1/fastq/SRR297/035/SRR29752035/SRR29752035.fastq.gz
SRR29752040	SAMN42321987	RNA-Seq	METAGENOMIC	ILLUMINA	human saliva metagenome	Metagenome or environmental sample from human saliva metagenome	78626	7594880	ftp.sra.ebi.ac.uk/vol1/fastq/SRR297/040/SRR29752040/SRR29752040.fastq.gz
SRR29752041	SAMN42321986	RNA-Seq	METAGENOMIC	ILLUMINA	human saliva metagenome	Metagenome or environmental sample from human saliva metagenome	66664	6679211	ftp.sra.ebi.ac.uk/vol1/fastq/SRR297/041/SRR29752041/SRR29752041.fastq.gz
SRR29752042	SAMN42321985	RNA-Seq	METAGENOMIC	ILLUMINA	human saliva metagenome	Metagenome or environmental sample from human saliva metagenome	79348	6948236	ftp.sra.ebi.ac.uk/vol1/fastq/SRR297/042/SRR29752042/SRR29752042.fastq.gz
SRR29752043	SAMN42321984	RNA-Seq	METAGENOMIC	ILLUMINA	human saliva metagenome	Metagenome or environmental sample from human saliva metagenome	72129	6468198	ftp.sra.ebi.ac.uk/vol1/fastq/SRR297/043/SRR29752043/SRR29752043.fastq.gz
SRR29752045	SAMN42321982	RNA-Seq	METAGENOMIC	ILLUMINA	human saliva metagenome	Metagenome or environmental sample from human saliva metagenome	79265	7233030	ftp.sra.ebi.ac.uk/vol1/fastq/SRR297/045/SRR29752045/SRR29752045.fastq.gz
SRR29752046	SAMN42321981	RNA-Seq	METAGENOMIC	ILLUMINA	human saliva metagenome	Metagenome or environmental sample from human saliva metagenome	72940	6528980	ftp.sra.ebi.ac.uk/vol1/fastq/SRR297/046/SRR29752046/SRR29752046.fastq.gz
SRR29752053	SAMN42321975	RNA-Seq	METAGENOMIC	ILLUMINA	human saliva metagenome	Metagenome or environmental sample from human saliva metagenome	80651	6859078	ftp.sra.ebi.ac.uk/vol1/fastq/SRR297/053/SRR29752053/SRR29752053.fastq.gz
SRR29752056	SAMN42321972	RNA-Seq	METAGENOMIC	ILLUMINA	human saliva metagenome	Metagenome or environmental sample from human saliva metagenome	69670	6133041	ftp.sra.ebi.ac.uk/vol1/fastq/SRR297/056/SRR29752056/SRR29752056.fastq.gz
SRR29752065	SAMN42321965	RNA-Seq	METAGENOMIC	ILLUMINA	human saliva metagenome	Metagenome or environmental sample from human saliva metagenome	74475	6549571	ftp.sra.ebi.ac.uk/vol1/fastq/SRR297/065/SRR29752065/SRR29752065.fastq.gz
SRR29752085	SAMN42334562	OTHER	METAGENOMIC	ILLUMINA	human saliva metagenome	Metagenome or environmental sample from human saliva metagenome	6065007	139085862	ftp.sra.ebi.ac.uk/vol1/fastq/SRR297/085/SRR29752085/SRR29752085.fastq.gz
SRR29752094	SAMN42334587	OTHER	METAGENOMIC	ILLUMINA	human saliva metagenome	Metagenome or environmental sample from human saliva metagenome	7720460	173158267	ftp.sra.ebi.ac.uk/vol1/fastq/SRR297/094/SRR29752094/SRR29752094.fastq.gz
SRR29752095	SAMN42334586	OTHER	METAGENOMIC	ILLUMINA	human saliva metagenome	Metagenome or environmental sample from human saliva metagenome	7103910	163669935	ftp.sra.ebi.ac.uk/vol1/fastq/SRR297/095/SRR29752095/SRR29752095.fastq.gz
SRR29752099	SAMN42334583	OTHER	METAGENOMIC	ILLUMINA	human saliva metagenome	Metagenome or environmental sample from human saliva metagenome	5645625	130011113	ftp.sra.ebi.ac.uk/vol1/fastq/SRR297/099/SRR29752099/SRR29752099.fastq.gz
SRR29752103	SAMN42334579	OTHER	METAGENOMIC	ILLUMINA	human saliva metagenome	Metagenome or environmental sample from human saliva metagenome	7145445	163337582	ftp.sra.ebi.ac.uk/vol1/fastq/SRR297/003/SRR29752103/SRR29752103.fastq.gz
SRR29752104	SAMN42334578	OTHER	METAGENOMIC	ILLUMINA	human saliva metagenome	Metagenome or environmental sample from human saliva metagenome	4504906	103808269	ftp.sra.ebi.ac.uk/vol1/fastq/SRR297/004/SRR29752104/SRR29752104.fastq.gz
SRR29752105	SAMN42334577	OTHER	METAGENOMIC	ILLUMINA	human saliva metagenome	Metagenome or environmental sample from human saliva metagenome	6123585	140762533	ftp.sra.ebi.ac.uk/vol1/fastq/SRR297/005/SRR29752105/SRR29752105.fastq.gz
SRR29752106	SAMN42334576	OTHER	METAGENOMIC	ILLUMINA	human saliva metagenome	Metagenome or environmental sample from human saliva metagenome	5976350	137565337	ftp.sra.ebi.ac.uk/vol1/fastq/SRR297/006/SRR29752106/SRR29752106.fastq.gz
SRR29752107	SAMN42334575	OTHER	METAGENOMIC	ILLUMINA	human saliva metagenome	Metagenome or environmental sample from human saliva metagenome	4468635	101180338	ftp.sra.ebi.ac.uk/vol1/fastq/SRR297/007/SRR29752107/SRR29752107.fastq.gz
SRR29752110	SAMN42334573	OTHER	METAGENOMIC	ILLUMINA	human saliva metagenome	Metagenome or environmental sample from human saliva metagenome	6392183	146080176	ftp.sra.ebi.ac.uk/vol1/fastq/SRR297/010/SRR29752110/SRR29752110.fastq.gz
SRR29752113	SAMN42334570	OTHER	METAGENOMIC	ILLUMINA	human saliva metagenome	Metagenome or environmental sample from human saliva metagenome	5370315	124276918	ftp.sra.ebi.ac.uk/vol1/fastq/SRR297/013/SRR29752113/SRR29752113.fastq.gz
SRR29752116	SAMN42334567	OTHER	METAGENOMIC	ILLUMINA	human saliva metagenome	Metagenome or environmental sample from human saliva metagenome	5175016	118605986	ftp.sra.ebi.ac.uk/vol1/fastq/SRR297/016/SRR29752116/SRR29752116.fastq.gz
SRR29752117	SAMN42334566	OTHER	METAGENOMIC	ILLUMINA	human saliva metagenome	Metagenome or environmental sample from human saliva metagenome	5296251	121221096	ftp.sra.ebi.ac.uk/vol1/fastq/SRR297/017/SRR29752117/SRR29752117.fastq.gz
SRR29752118	SAMN42334565	OTHER	METAGENOMIC	ILLUMINA	human saliva metagenome	Metagenome or environmental sample from human saliva metagenome	5645649	128061428	ftp.sra.ebi.ac.uk/vol1/fastq/SRR297/018/SRR29752118/SRR29752118.fastq.gz
SRR29752120	SAMN42334555	OTHER	METAGENOMIC	ILLUMINA	human saliva metagenome	Metagenome or environmental sample from human saliva metagenome	7829528	179381894	ftp.sra.ebi.ac.uk/vol1/fastq/SRR297/020/SRR29752120/SRR29752120.fastq.gz
SRR29752121	SAMN42334554	OTHER	METAGENOMIC	ILLUMINA	human saliva metagenome	Metagenome or environmental sample from human saliva metagenome	6210893	143456167	ftp.sra.ebi.ac.uk/vol1/fastq/SRR297/021/SRR29752121/SRR29752121.fastq.gz
SRR34341219	SAMN49751513	AMPLICON	METAGENOMIC	ILLUMINA	human oral metagenome	Metagenome or environmental sample from human oral metagenome	79939	4372127;4517477	ftp.sra.ebi.ac.uk/vol1/fastq/SRR343/019/SRR34341219/SRR34341219_1.fastq.gz;ftp.sra.ebi.ac.uk/vol1/fastq/SRR343/019/SRR34341219/SRR34341219_2.fastq.gz
SRR34341220	SAMN49751512	AMPLICON	METAGENOMIC	ILLUMINA	human oral metagenome	Metagenome or environmental sample from human oral metagenome	81558	6757925;5610280	ftp.sra.ebi.ac.uk/vol1/fastq/SRR343/020/SRR34341220/SRR34341220_1.fastq.gz;ftp.sra.ebi.ac.uk/vol1/fastq/SRR343/020/SRR34341220/SRR34341220_2.fastq.gz
SRR34341221	SAMN49751511	WGS	METAGENOMIC	BGISEQ	human oral metagenome	Metagenome or environmental sample from human oral metagenome	373405010	44148124660;44567050397	ftp.sra.ebi.ac.uk/vol1/fastq/SRR343/021/SRR34341221/SRR34341221_1.fastq.gz;ftp.sra.ebi.ac.uk/vol1/fastq/SRR343/021/SRR34341221/SRR34341221_2.fastq.gz
SRR34341222	SAMN49751510	WGS	METAGENOMIC	BGISEQ	human oral metagenome	Metagenome or environmental sample from human oral metagenome	355042945	40851179417;41391383802	ftp.sra.ebi.ac.uk/vol1/fastq/SRR343/022/SRR34341222/SRR34341222_1.fastq.gz;ftp.sra.ebi.ac.uk/vol1/fastq/SRR343/022/SRR34341222/SRR34341222_2.fastq.gz
SRR34341223	SAMN49751509	WGS	METAGENOMIC	BGISEQ	human oral metagenome	Metagenome or environmental sample from human oral metagenome	308063220	36403968602;34732424297	ftp.sra.ebi.ac.uk/vol1/fastq/SRR343/023/SRR34341223/SRR34341223_1.fastq.gz;ftp.sra.ebi.ac.uk/vol1/fastq/SRR343/023/SRR34341223/SRR34341223_2.fastq.gz
SRR34341224	SAMN49751508	WGS	METAGENOMIC	BGISEQ	human oral metagenome	Metagenome or environmental sample from human oral metagenome	323043983	36287385209;36904452941	ftp.sra.ebi.ac.uk/vol1/fastq/SRR343/024/SRR34341224/SRR34341224_1.fastq.gz;ftp.sra.ebi.ac.uk/vol1/fastq/SRR343/024/SRR34341224/SRR34341224_2.fastq.gz
SRR34341225	SAMN49751507	WGS	METAGENOMIC	BGISEQ	human oral metagenome	Metagenome or environmental sample from human oral metagenome	6920961	146308017	ftp.sra.ebi.ac.uk/vol1/fastq/SRR343/025/SRR34341225/SRR34341225.fastq.gz
SRR34341226	SAMN49751506	WGS	METAGENOMIC	BGISEQ	human oral metagenome	Metagenome or environmental sample from human oral metagenome	8907788	185802139	ftp.sra.ebi.ac.uk/vol1/fastq/SRR343/026/SRR34341226/SRR34341226.fastq.gz
SRR34341229	SAMN49751505	WGS	METAGENOMIC	BGISEQ	human oral metagenome	Metagenome or environmental sample from human oral metagenome	6475795	137050117	ftp.sra.ebi.ac.uk/vol1/fastq/SRR343/029/SRR34341229/SRR34341229.fastq.gz
